mysql>  create table student(
    -> sid int ,
    ->  sname varchar(40),
    ->  sdep varchar(40),
    -> course varchar(40),
    -> sal int);
Query OK, 0 rows affected (0.26 sec)

mysql> insert into student
    -> values
    -> (1,'Sanjay','ct','java',10000),
    -> (2,'Surya','ct','java',20000),
    -> (3,'Sakthi','ct','java',30000),
    -> (4,'Victor Roy','ct','java',40000),
    -> (5,'Hrithik Roshan','ct','java',50000),
    -> (6,'John','ct','java',60000)
    -> ;
Query OK, 6 rows affected (0.02 sec)
Records: 6  Duplicates: 0  Warnings: 0

  mysql> select * from student;
+------+----------------+------+--------+-------+
| sid  | sname          | sdep | course | sal   |
+------+----------------+------+--------+-------+
|    1 | Sanjay         | ct   | java   | 10000 |
|    2 | Surya          | ct   | java   | 20000 |
|    3 | Sakthi         | ct   | java   | 30000 |
|    4 | Victor Roy     | ct   | java   | 40000 |
|    5 | Hrithik Roshan | ct   | java   | 50000 |
|    6 | John           | ct   | java   | 60000 |
+------+----------------+------+--------+-------+
6 rows in set (0.00 sec)


mysql> update student set course='python' where sid=1;
Query OK, 1 row affected (0.02 sec)
Rows matched: 1  Changed: 1  Warnings: 0

mysql> update student set course='C++' where sid=3;
Query OK, 1 row affected (0.01 sec)
Rows matched: 1  Changed: 1  Warnings: 0

mysql> update student set course='C' where sid=4;
Query OK, 1 row affected (0.01 sec)
Rows matched: 1  Changed: 1  Warnings: 0

mysql> update student set course='full stack' where sid=5;
Query OK, 1 row affected (0.01 sec)
Rows matched: 1  Changed: 1  Warnings: 0

mysql> update student set course='JavaScript' where sid=6;
Query OK, 1 row affected (0.01 sec)
Rows matched: 1  Changed: 1  Warnings: 0

  mysql> select* from student;
+------+----------------+------+------------+-------+
| sid  | sname          | sdep | course     | sal   |
+------+----------------+------+------------+-------+
|    1 | Sanjay         | ct   | python     | 10000 |
|    2 | Surya          | ct   | java       | 20000 |
|    3 | Sakthi         | ct   | C++        | 30000 |
|    4 | Victor Roy     | ct   | C          | 40000 |
|    5 | Hrithik Roshan | ct   | full stack | 50000 |
|    6 | John           | ct   | JavaScript | 60000 |
+------+----------------+------+------------+-------+
6 rows in set (0.00 sec)

mysql> select course,
    -> count(*)AS student_count
    -> from student
    -> group by course;
+------------+---------------+
| course     | student_count |
+------------+---------------+
| python     |             1 |
| java       |             1 |
| C++        |             1 |
| C          |             1 |
| full stack |             1 |
| JavaScript |             1 |
+------------+---------------+
6 rows in set (0.02 sec)
  
